Model,RMSE,R2,Best
linear,90.49241522035067,0.6252250150419472,TRUE
random_forest,96.31833743992739,0.6297366009011146,FALSE
