seasons,hour,avg_temperature,avg_bike_count
Summer,17,20.86102914709226,378.61538461538464
Summer,19,19.51835461217855,368
Summer,18,19.651270753369932,363.0769230769231
Spring,18,12.89795008203761,344.4347826086956
Spring,19,12.852328522217235,343.6630434782609
Spring,17,11.976953585160798,340.7717391304348
Summer,9,27.2447129484054,325.15384615384613
Winter,17,2.8218518792769425,321.3333333333333
Winter,19,3.2491228732745916,318.3333333333333
Winter,18,1.8712248129148414,318.06666666666666
