seasons,avg_temperature_c,avg_humidity_percent,avg_bike_count
Summer,23.700199024642277,65.87079828577627,159
Spring,16.538533206859473,65.06010337898833,134.4356884057971
Winter,6.413416171954823,64.34411037444485,109.6
